NOMBRE;DESCRIPCION;PRECIO;UNIDAD
6;DOCUMENTACI‡N;7;B1
206;TV 43;11;VIDE
207;TV50;13;VIDE
208;TV55;13;VIDE
209;TV60;16;VIDE
210;TV65;16;VIDE
1;BLT_1;7;B1
2;BLT_2;12;B1
3;BLT_3;16;B1
4;BLT_4;21;B1
5;REEMBOLSO;3;RB
6;BLT_1_B2;9;B2
7;BLT_2_B2;16;B2
8;BLT_3_B2;20;B2
9;BLT_4_B2;22;B2
10;AIRE_ACONDICIONADO;11;ELE
11;AIRE_MEDIANO;16;ELE
12;AIRE_CONDUCTOS;28;ELE
13;AMERICANO;27;ELE
16;CAMPANA;4,8;ELE
17;CAMPANA_GRANDE;9;ELE
18;CENTRO_PLANCHADO;5;ELE
19;COCINA;12;ELE
20;COMBI;16;ELE
21;CONGELADOR;16;ELE
22;CONJUNTO_BEKO;13;ELE
23;ENCIMERA;5;ELE
24;FREGADERO;5;ELE
25;FRIGOR÷FICO;19;ELE
26;GRIFO;5;ELE
27;HORNO;12;ELE
28;LAVADORA;16;ELE
29;LAVAVAJILLAS;15;ELE
30;MICROONDAS;5;ELE
31;PLACA;5;ELE
32;PLACA_GRANDE;9;ELE
34;SECADORA;14;ELE
36;TERMO;10;ELE
37;TV;10;ELE
39;VINOTECA;12;ELE
40;VITRO;5;ELE
41;BLT_5;18;BADI
42;BLT_6;20;BADI
43;BLT_7;21,5;BADI
44;BLT_8;23;BADI
45;BLT_9;24,5;BADI
46;BLT_10;26;BADI
47;BLT_11;29;BADI
48;BLT_12;31,2;BADI
49;BLT_13;33,8;BADI
50;BLT_14;35;BADI
51;BLT_15;37,5;BADI
52;BLT_16;40;BADI
53;BLT_17;42,5;BADI
54;BLT_18;45;BADI
55;BLT_19;48;BADI
56;BLT_20;50;BADI
57;BLT_5_B2;21,5;BADI
58;BLT_6_B2;24;BADI
59;BLT_7_B2;26;BADI
60;BLT_8_B2;28;BADI
61;BLT_9_B2;30;BADI
62;BLT_10_B2;32;BADI
63;BLT_11_B2;35,2;BADI
64;BLT_12_B2;38;BADI
65;BLT_13_B2;39;BADI
66;BLT_14_B2;42;BADI
67;BLT_15_B2;45;BADI
68;BLT_16_B2;48;BADI
69;BLT_17_B2;51;BADI
70;BLT_18_B2;54;BADI
71;BLT_19_B2;57;BADI
72;BLT_20_B2;60;BADI
73;CAJACµMARAS;6;NEU
74;CAPO;14;NEU
75;INDUSTRIAL;20;NEU
76;LLANTAS;4;NEU
77;LUNA;20;NEU
78;LUNA GRANDE;25;NEU
79;MACIZAS;4;NEU
80;MOTO;22;NEU
81;MULAMECANICA;15;NEU
82;PALACHICA;15;NEU
83;PARAGOLPES;13;NEU
84;PUERTA;13;NEU
85;REMOLQUE;4;NEU
86;RUEDACAMI‡N;8;NEU
87;RUEDACARRETILLA;5;NEU
88;RUEDAFURG‡N;3;NEU
89;RUEDAINDUSTRIAL;20;NEU
90;RUEDAMOTO;3;NEU
91;RUEDATRAC.GRANDE;15;NEU
92;RUEDATRAC.PEQUE•A;10;NEU
93;RUEDATURISMO;2,2;NEU
94;RUEDA4*4;3;NEU
95;hasta5KGB3;10,57;B3
96;hasta10KGB3;11,46;B3
97;hasta15KGB3;12,61;B3
98;hasta20KGB3;15,92;B3
99;hasta25KGB3;18,23;B3
100;hasta30KGB3;20,71;B3
102;hasta40KGB3;22,95;B3
104;hasta50KGB3;24,74;B3
106;hasta60KGB3;28,86;B3
108;hasta70KGB3;31,24;B3
110;hasta80KGB3;33,64;B3
112;hasta90KGB3;36,19;B3
114;hasta100KGB3;40,38;B3
116;hasta150KGB3;43,65;B3
118;hasta200KGB3;53,55;B3
120;hasta300KGB3;76,56;B3
122;hasta400KGB3;95,35;B3
124;hasta500KGB3;100,08;B3
126;hasta600KGB3;114,17;B3
139;hasta5KGB4;10,57;B4
140;hasta10KGB4;12,03;B4
141;hasta15KGB4;13,77;B4
142;hasta20KGB4;16,49;B4
143;hasta25KGB4;18,8;B4
144;hasta30KGB4;22,27;B4
146;hasta40KGB4;24,94;B4
148;hasta50KGB4;34,58;B4
150;hasta60KGB4;36,87;B4
152;hasta70KGB4;42,21;B4
154;hasta80KGB4;46,09;B4
156;hasta90KGB4;50,44;B4
158;hasta100KGB4;54,47;B4
160;hasta150KGB4;60,28;B4
162;hasta200KGB4;70,52;B4
164;hasta300KGB4;94,86;B4
166;hasta400KGB4;116,14;B4
168;hasta500KGB4;135,49;B4
170;hasta600KGB4;154,37;B4
183;TSB-Hasta5KG;1,95;TSB
184;TSB-Hasta10KG;2,33;TSB
185;TSB-Hasta20KG;2,72;TSB
186;TSB-Hasta30KG;3,1;TSB
187;TSB-Hasta40KG;3,5;TSB
188;TSB-Hasta50KG;3,88;TSB
189;TSB-Hasta60KG;4,07;TSB
190;TSB-Hasta70KG;4,27;TSB
191;TSB-Hasta80KG;4,66;TSB
192;TSB-Hasta90KG;5,05;TSB
193;TSB-Hasta100KG;5,43;TSB
194;TSB-Hasta110KG;5,62;TSB
195;TSB-Hasta120KG;6,02;TSB
196;TSB-Hasta130KG;6,04;TSB
197;TSB-Hasta140KG;6,98;TSB
198;TSB-Hasta150KG;7,38;TSB
199;TSB-Hasta160KG;7,76;TSB
200;TSB-Hasta170KG;8,15;TSB
201;TSB-Hasta180KG;8,54;TSB
202;TSB-Hasta190KG;8,93;TSB
203;TSB-Hasta200KG;9,31;TSB
204;TSB-Hasta300KG;11,3;TSB
205;TSB-Hasta400KG;13,3;TSB
211;PALET CHICO(50KG);15;MYM
212;PALET MEDIANO(150KG);20;MYM
213;PALET GRANDE;30;MYM
214;PALET CHICO_B2;20;MYM
215;PALET MEDIANO_B2;25;MYM
216;PALET GRANDE_B2;35;MYM
